"","demand_id","demand","facility_id","distance"
"1","49035113803","8675","0",10790.8414519932
"2","49035113803","8675","1",4214.47793528795
"3","49035113803","8675","2",10790.8414519932
"4","49035113803","8675","3",25157.5072484478
"5","49035113803","8675","4",11443.2642234726
"6","49035113803","8675","5",12078.3105181907
"7","49035113803","8675","6",6830.92618835065
"8","49035113803","8675","7",15825.8432763892
"9","49035111102","6104","0",15208.2728682291
"10","49035111102","6104","1",17652.8804238784
"11","49035111102","6104","2",15208.2728682291
"12","49035111102","6104","3",13266.7295542204
"13","49035111102","6104","4",4214.32380807717
"14","49035111102","6104","5",9456.28835000773
"15","49035111102","6104","6",10226.5350271964
"16","49035111102","6104","7",4951.59489654044
"17","49035112502","6155","0",17072.7249587441
"18","49035112502","6155","1",16874.314286183
"19","49035112502","6155","2",17072.7249587441
"20","49035112502","6155","3",17721.5932024646
"21","49035112502","6155","4",6953.80386325659
"22","49035112502","6155","5",12419.367914962
"23","49035112502","6155","6",7149.75548832151
"24","49035112502","6155","7",2903.80504453116
"25","49035113511","3675","0",8631.91141512966
"26","49035113511","3675","1",10195.9952713727
"27","49035113511","3675","2",8631.91141512966
"28","49035113511","3675","3",17630.2233853567
"29","49035113511","3675","4",4047.37165190646
"30","49035113511","3675","5",5662.78444151264
"31","49035113511","3675","6",7423.1712908292
"32","49035113511","3675","7",10983.5832838455
"33","49035113802","4015","0",8938.86701475491
"34","49035113802","4015","1",3885.78008800613
"35","49035113802","4015","2",8938.86701475491
"36","49035113802","4015","3",23953.444510949
"37","49035113802","4015","4",10551.1544258053
"38","49035113802","4015","5",10515.2585953004
"39","49035113802","4015","6",7731.58366341775
"40","49035113802","4015","7",15902.9303388959
"41","49035113600","5291","0",9013.85875409629
"42","49035113600","5291","1",5116.95679429275
"43","49035113600","5291","2",9013.85875409629
"44","49035113600","5291","3",22966.7051054769
"45","49035113600","5291","4",9415.91658686962
"46","49035113600","5291","5",9802.87025409371
"47","49035113600","5291","6",6807.98924238813
"48","49035113600","5291","7",14687.2148437282
"49","49035110103","3620","0",23161.4249097175
"50","49035110103","3620","1",30562.9414508944
"51","49035110103","3620","2",23161.4249097175
"52","49035110103","3620","3",3380.53215641608
"53","49035110103","3620","4",17327.8533389101
"54","49035110103","3620","5",17452.9310835847
"55","49035110103","3620","6",26318.0484836098
"56","49035110103","3620","7",19566.2180652037
"57","49035110600","5376","0",16307.3880063254
"58","49035110600","5376","1",20494.246380904
"59","49035110600","5376","2",16307.3880063254
"60","49035110600","5376","3",9496.1479311531
"61","49035110600","5376","4",6261.72801906857
"62","49035110600","5376","5",9935.33425580061
"63","49035110600","5376","6",14035.8233882869
"64","49035110600","5376","7",7606.98240690921
"65","49035112605","6795","0",19742.1383263005
"66","49035112605","6795","1",16721.0650167574
"67","49035112605","6795","2",19742.1383263005
"68","49035112605","6795","3",23023.9033776628
"69","49035112605","6795","4",11367.5910521042
"70","49035112605","6795","5",16369.3242475493
"71","49035112605","6795","6",5678.39696634431
"72","49035112605","6795","7",6831.48633861226
"73","49035111001","4470","0",17517.3065649972
"74","49035111001","4470","1",19761.9425248935
"75","49035111001","4470","2",17517.3065649972
"76","49035111001","4470","3",13220.5791787384
"77","49035111001","4470","4",6532.76767599891
"78","49035111001","4470","5",11653.5496358938
"79","49035111001","4470","6",11507.4329731769
"80","49035111001","4470","7",3716.36940647154
"81","49035113520","3983","0",7710.60103212893
"82","49035113520","3983","1",7937.48783575582
"83","49035113520","3983","2",7710.60103212893
"84","49035113520","3983","3",19651.8397664826
"85","49035113520","3983","4",6302.91317370003
"86","49035113520","3983","5",6695.18970018116
"87","49035113520","3983","6",7329.84540597641
"88","49035113520","3983","7",12814.3126191261
"89","49035113532","3177","0",10788.6922972747
"90","49035113532","3177","1",8087.69664763208
"91","49035113532","3177","2",10788.6922972747
"92","49035113532","3177","3",21471.8320217765
"93","49035113532","3177","4",7514.89887681899
"94","49035113532","3177","5",9619.70101695771
"95","49035113532","3177","6",4206.54590029337
"96","49035113532","3177","7",11664.6381468079
"97","49035111002","5659","0",19249.6739918783
"98","49035111002","5659","1",20696.3952745984
"99","49035111002","5659","2",19249.6739918783
"100","49035111002","5659","3",14833.7172097295
"101","49035111002","5659","4",8269.7017298069
"102","49035111002","5659","5",13584.237320259
"103","49035111002","5659","6",11531.0916709729
"104","49035111002","5659","7",2134.35991350989
"105","49035113307","6979","0",3454.05170367742
"106","49035113307","6979","1",9087.4850849981
"107","49035113307","6979","2",3454.05170367742
"108","49035113307","6979","3",18538.3003296619
"109","49035113307","6979","4",7786.21800825316
"110","49035113307","6979","5",4390.85940508846
"111","49035113307","6979","6",11818.5327695362
"112","49035113307","6979","7",15938.6593008195
"113","49035103300","4267","0",10665.1185831185
"114","49035103300","4267","1",17497.6874813783
"115","49035103300","4267","2",10665.1185831185
"116","49035103300","4267","3",9747.11279867953
"117","49035103300","4267","4",5856.56160370494
"118","49035103300","4267","5",4435.05710441516
"119","49035103300","4267","6",15162.6941184052
"120","49035103300","4267","7",13058.0028634605
"121","49035113017","6689","0",25714.9454318609
"122","49035113017","6689","1",19585.5612777177
"123","49035113017","6689","2",25714.9454318609
"124","49035113017","6689","3",31604.3471924373
"125","49035113017","6689","4",19418.6556266468
"126","49035113017","6689","5",23812.0977016362
"127","49035113017","6689","6",10889.8548800054
"128","49035113017","6689","7",15125.2785944922
"129","49035113101","7158","0",16024.8091486264
"130","49035113101","7158","1",9460.17916630037
"131","49035113101","7158","2",16024.8091486264
"132","49035113101","7158","3",26828.1850955483
"133","49035113101","7158","4",12937.2951641237
"134","49035113101","7158","5",15644.33730343
"135","49035113101","7158","6",4044.92024582435
"136","49035113101","7158","7",13851.0431914385
"137","49035112812","5670","0",21987.8918627605
"138","49035112812","5670","1",19196.0642718322
"139","49035112812","5670","2",21987.8918627605
"140","49035112812","5670","3",23512.4428382044
"141","49035112812","5670","4",12979.3683236698
"142","49035112812","5670","5",18230.0822584711
"143","49035112812","5670","6",8155.8821224559
"144","49035112812","5670","7",6719.42132509693
"145","49035102600","4420","0",6293.05310800825
"146","49035102600","4420","1",15382.9076489583
"147","49035102600","4420","2",6293.05310800825
"148","49035102600","4420","3",14104.4352781984
"149","49035102600","4420","4",9464.3598405397
"150","49035102600","4420","5",4109.31113209522
"151","49035102600","4420","6",17040.8100917427
"152","49035102600","4420","7",17906.2842830069
"153","49035113102","3892","0",17301.4118543969
"154","49035113102","3892","1",10961.7167863536
"155","49035113102","3892","2",17301.4118543969
"156","49035113102","3892","3",27101.6001645915
"157","49035113102","3892","4",13375.9910638761
"158","49035113102","3892","5",16517.2894166698
"159","49035113102","3892","6",4034.27711738399
"160","49035113102","3892","7",13324.5366941169
"161","49035112501","3735","0",15656.853291822
"162","49035112501","3735","1",15315.9670728087
"163","49035112501","3735","2",15656.853291822
"164","49035112501","3735","3",17931.8706071443
"165","49035112501","3735","4",6008.05731853735
"166","49035112501","3735","5",11310.1235221016
"167","49035112501","3735","6",5948.1030885724
"168","49035112501","3735","7",4437.19911720528
"169","49035102100","1457","0",9280.70966992932
"170","49035102100","1457","1",17978.8289910193
"171","49035102100","1457","2",9280.70966992932
"172","49035102100","1457","3",11136.9784354992
"173","49035102100","1457","4",9468.82861551652
"174","49035102100","1457","5",5257.69427252585
"175","49035102100","1457","6",18133.0340141838
"176","49035102100","1457","7",17286.0099203784
"177","49035111103","5903","0",16478.6115958863
"178","49035111103","5903","1",17919.558553902
"179","49035111103","5903","2",16478.6115958863
"180","49035111103","5903","3",14847.3754502957
"181","49035111103","5903","4",5584.49031311263
"182","49035111103","5903","5",11051.8390785511
"183","49035111103","5903","6",9391.90085607821
"184","49035111103","5903","7",3101.68035344734
"185","49035102802","5063","0",5668.29838504331
"186","49035102802","5063","1",13222.9526860025
"187","49035102802","5063","2",5668.29838504331
"188","49035102802","5063","3",14553.3649736591
"189","49035102802","5063","4",6620.33597782744
"190","49035102802","5063","5",1098.80689115177
"191","49035102802","5063","6",13859.6400646224
"192","49035102802","5063","7",15213.6033399665
"193","49035104400","2010","0",14278.8651593858
"194","49035104400","2010","1",20354.0412442121
"195","49035104400","2010","2",14278.8651593858
"196","49035104400","2010","3",7109.57802132854
"197","49035104400","2010","4",6883.01698195171
"198","49035104400","2010","5",7891.26161900033
"199","49035104400","2010","6",16119.7104815642
"200","49035104400","2010","7",11538.1399191486
"201","49035110300","5477","0",13445.9785109255
"202","49035110300","5477","1",18824.1371866242
"203","49035110300","5477","2",13445.9785109255
"204","49035110300","5477","3",8941.2435695709
"205","49035110300","5477","4",5047.10098044448
"206","49035110300","5477","5",6987.17205632789
"207","49035110300","5477","6",14228.5111674045
"208","49035110300","5477","7",10068.674207522
"209","49035112610","4316","0",17708.8251116754
"210","49035112610","4316","1",16208.8248999255
"211","49035112610","4316","2",17708.8251116754
"212","49035112610","4316","3",19972.2094324729
"213","49035112610","4316","4",8472.50832882685
"214","49035112610","4316","5",13705.693772239
"215","49035112610","4316","6",5659.40976682039
"216","49035112610","4316","7",4469.41255945785
"217","49035112905","5391","0",12451.2803306756
"218","49035112905","5391","1",9085.05555223578
"219","49035112905","5391","2",12451.2803306756
"220","49035112905","5391","3",22092.2130864891
"221","49035112905","5391","4",8133.46732945047
"222","49035112905","5391","5",10963.4678384085
"223","49035112905","5391","6",2545.31592927515
"224","49035112905","5391","7",10888.9193782423
"225","49035112201","5249","0",12934.6127416903
"226","49035112201","5249","1",12359.5465790027
"227","49035112201","5249","2",12934.6127416903
"228","49035112201","5249","3",18545.8821017792
"229","49035112201","5249","4",4974.16818259862
"230","49035112201","5249","5",9396.2234326566
"231","49035112201","5249","6",4536.37369840133
"232","49035112201","5249","7",7430.31269860593
"233","49035113533","4787","0",11720.7429997922
"234","49035113533","4787","1",9950.83281974764
"235","49035113533","4787","2",11720.7429997922
"236","49035113533","4787","3",20276.3051322516
"237","49035113533","4787","4",6318.4820261566
"238","49035113533","4787","5",9456.40993348181
"239","49035113533","4787","6",3617.71132006252
"240","49035113533","4787","7",9801.28548502473
"241","49035104200","6367","0",14785.5632015537
"242","49035104200","6367","1",21745.5944340556
"243","49035104200","6367","2",14785.5632015537
"244","49035104200","6367","3",5458.96414446719
"245","49035104200","6367","4",8924.01077470037
"246","49035104200","6367","5",8725.70893302522
"247","49035104200","6367","6",18288.342139352
"248","49035104200","6367","7",13813.1982848859
"249","49035113510","3251","0",8181.71896130774
"250","49035113510","3251","1",9138.35000728048
"251","49035113510","3251","2",8181.71896130774
"252","49035113510","3251","3",18589.6705769637
"253","49035113510","3251","4",5103.92984172305
"254","49035113510","3251","5",6106.4758021019
"255","49035113510","3251","6",7243.37734684742
"256","49035113510","3251","7",11790.716824027
"257","49035111600","7472","0",8967.11842296922
"258","49035111600","7472","1",12957.1366555682
"259","49035111600","7472","2",8967.11842296922
"260","49035111600","7472","3",14522.0774998004
"261","49035111600","7472","4",2037.52971581719
"262","49035111600","7472","5",3698.60814176067
"263","49035111600","7472","6",9933.40090868835
"264","49035111600","7472","7",10591.1419737574
"265","49035113514","5741","0",9812.81410775303
"266","49035113514","5741","1",11178.1037531916
"267","49035113514","5741","2",9812.81410775303
"268","49035113514","5741","3",17156.9583947881
"269","49035113514","5741","4",3249.69132980207
"270","49035113514","5741","5",6211.44931346781
"271","49035113514","5741","6",6953.98871853974
"272","49035113514","5741","7",9728.56633239881
"273","49035113513","5631","0",10021.2319625767
"274","49035113513","5631","1",9226.83450886872
"275","49035113513","5631","2",10021.2319625767
"276","49035113513","5631","3",19590.4325007449
"277","49035113513","5631","4",5659.39775577629
"278","49035113513","5631","5",7945.33115254303
"279","49035113513","5631","6",5252.43620384308
"280","49035113513","5631","7",10764.1897289342
"281","49035110702","4896","0",14626.1068400233
"282","49035110702","4896","1",18612.5421883097
"283","49035110702","4896","2",14626.1068400233
"284","49035110702","4896","3",10652.0938585206
"285","49035110702","4896","4",4377.782422186
"286","49035110702","4896","5",8358.24457026139
"287","49035110702","4896","6",12504.4013546303
"288","49035110702","4896","7",7392.34442435106
"289","49035113014","3930","0",23573.517912202
"290","49035113014","3930","1",17679.0976748077
"291","49035113014","3930","2",23573.517912202
"292","49035113014","3930","3",29801.956621019
"293","49035113014","3930","4",17358.4519184286
"294","49035113014","3930","5",21673.5519216354
"295","49035113014","3930","6",8731.48802635768
"296","49035113014","3930","7",13584.8706551701
"297","49035113907","6838","0",15973.8341784868
"298","49035113907","6838","1",7215.34466828391
"299","49035113907","6838","2",15973.8341784868
"300","49035113907","6838","3",34392.2211330981
"301","49035113907","6838","4",21382.4584927145
"302","49035113907","6838","5",20373.3271964104
"303","49035113907","6838","6",16535.8977076575
"304","49035113907","6838","7",26112.8917149692
"305","49035115106","7858","0",31246.6899194329
"306","49035115106","7858","1",23527.6360965628
"307","49035115106","7858","2",31246.6899194329
"308","49035115106","7858","3",38996.0282966385
"309","49035115106","7858","4",26398.1125794943
"310","49035115106","7858","5",30332.8820509554
"311","49035115106","7858","6",17278.9496360888
"312","49035115106","7858","7",22577.7874320278
"313","49035115209","6110","0",20306.2477168246
"314","49035115209","6110","1",11984.6516119944
"315","49035115209","6110","2",20306.2477168246
"316","49035115209","6110","3",32011.456972497
"317","49035115209","6110","4",18157.0488184798
"318","49035115209","6110","5",20706.9437906685
"319","49035115209","6110","6",9000.26984436325
"320","49035115209","6110","7",18154.0533216608
"321","49035114700","4714","0",9255.70022228327
"322","49035114700","4714","1",18947.837172634
"323","49035114700","4714","2",9255.70022228327
"324","49035114700","4714","3",17721.3721224594
"325","49035114700","4714","4",16060.0950662229
"326","49035114700","4714","5",10623.1489409756
"327","49035114700","4714","6",23086.7188883075
"328","49035114700","4714","7",24485.1573033811
"329","49035112818","3840","0",28252.9564904901
"330","49035112818","3840","1",23146.8745531562
"331","49035112818","3840","2",28252.9564904901
"332","49035112818","3840","3",31342.5612795152
"333","49035112818","3840","4",20520.472772204
"334","49035112818","3840","5",25460.0864006872
"335","49035112818","3840","6",13292.7871494609
"336","49035112818","3840","7",14492.3397915811
"337","49035114300","15965","0",14985.3623216537
"338","49035114300","15965","1",7270.23086081555
"339","49035114300","15965","2",14985.3623216537
"340","49035114300","15965","3",27817.6733946529
"341","49035114300","15965","4",13836.2655334355
"342","49035114300","15965","5",15656.2194039623
"343","49035114300","15965","6",6043.20418569149
"344","49035114300","15965","7",15978.7654315772
"345","49035114600","6998","0",25159.3366145947
"346","49035114600","6998","1",19698.3289643417
"347","49035114600","6998","2",25159.3366145947
"348","49035114600","6998","3",29998.2821160689
"349","49035114600","6998","4",18189.4307450142
"350","49035114600","6998","5",22819.4300122001
"351","49035114600","6998","6",10185.9315508744
"352","49035114600","6998","7",13381.5946783144
"353","49035114200","4419","0",16382.8806485172
"354","49035114200","4419","1",13264.2770075231
"355","49035114200","4419","2",16382.8806485172
"356","49035114200","4419","3",22221.5427955611
"357","49035114200","4419","4",9201.93799999196
"358","49035114200","4419","5",13612.7427588853
"359","49035114200","4419","6",2281.78083219776
"360","49035114200","4419","7",7922.28697285826
"361","49035112904","6731","0",12229.3265641048
"362","49035112904","6731","1",7796.44205112863
"363","49035112904","6731","2",12229.3265641048
"364","49035112904","6731","3",23269.9351751131
"365","49035112904","6731","4",9287.83908103809
"366","49035112904","6731","5",11533.2053852697
"367","49035112904","6731","6",3325.81832952614
"368","49035112904","6731","7",12346.6159840608
"369","49035110104","5288","0",23799.7714941902
"370","49035110104","5288","1",28181.6301494793
"371","49035110104","5288","2",23799.7714941902
"372","49035110104","5288","3",9180.98290149169
"373","49035110104","5288","4",13999.8162847869
"374","49035110104","5288","5",17342.8278399954
"375","49035110104","5288","6",20589.6037075761
"376","49035110104","5288","7",11498.932377125
"377","49035112604","5101","0",21495.3024724852
"378","49035112604","5101","1",19383.0815513204
"379","49035112604","5101","2",21495.3024724852
"380","49035112604","5101","3",22100.0481928106
"381","49035112604","5101","4",12023.6644916581
"382","49035112604","5101","5",17394.1288772541
"383","49035112604","5101","6",8378.23146873763
"384","49035112604","5101","7",5271.28133794726
"385","49035112914","6293","0",13799.3600592367
"386","49035112914","6293","1",11262.2857812335
"387","49035112914","6293","2",13799.3600592367
"388","49035112914","6293","3",21102.3950640446
"389","49035112914","6293","4",7438.25118637112
"390","49035112914","6293","5",11293.0279884933
"391","49035112914","6293","6",1991.27764756038
"392","49035112914","6293","7",8771.60709231411
"393","49035111101","6279","0",14962.3523595029
"394","49035111101","6279","1",16507.2061465842
"395","49035111101","6279","2",14962.3523595029
"396","49035111101","6279","3",14906.2744650596
"397","49035111101","6279","4",4156.73986945894
"398","49035111101","6279","5",9675.33040605081
"399","49035111101","6279","6",8578.16975039916
"400","49035111101","6279","7",4453.41215931003
"401","49035110200","5077","0",15456.06290093
"402","49035110200","5077","1",20924.4930135481
"403","49035110200","5077","2",15456.06290093
"404","49035110200","5077","3",7279.92778872034
"405","49035110200","5077","4",6960.82418685739
"406","49035110200","5077","5",9003.624449769
"407","49035110200","5077","6",15801.3746146369
"408","49035110200","5077","7",10313.2508267272
"409","49035111500","1794","0",7489.87319066423
"410","49035111500","1794","1",13323.6935975437
"411","49035111500","1794","2",7489.87319066423
"412","49035111500","1794","3",13886.4259871438
"413","49035111500","1794","4",4131.2111959404
"414","49035111500","1794","5",1396.52121444151
"415","49035111500","1794","6",12021.2849956602
"416","49035111500","1794","7",12721.9862155197
"417","49035112907","4648","0",13520.9597619199
"418","49035112907","4648","1",10529.0577313255
"419","49035112907","4648","2",13520.9597619199
"420","49035112907","4648","3",21673.8868436628
"421","49035112907","4648","4",7881.29589022301
"422","49035112907","4648","5",11402.9202197861
"423","49035112907","4648","6",1665.00087264099
"424","49035112907","4648","7",9575.77373733694
"425","49035102500","3460","0",7621.98654281378
"426","49035102500","3460","1",16636.1173327671
"427","49035102500","3460","2",7621.98654281378
"428","49035102500","3460","3",12914.3517454489
"429","49035102500","3460","4",9667.19551366796
"430","49035102500","3460","5",4682.5303213629
"431","49035102500","3460","6",17748.9643966815
"432","49035102500","3460","7",17895.3734111863
"433","49035110102","4427","0",29748.6734279025
"434","49035110102","4427","1",31948.2847164733
"435","49035110102","4427","2",29748.6734279025
"436","49035110102","4427","3",17487.889575361
"437","49035110102","4427","4",18905.0631861705
"438","49035110102","4427","5",23531.6670730986
"439","49035110102","4427","6",22264.4998699822
"440","49035110102","4427","7",12382.7711873898
"441","49035103100","4163","0",9146.18212382209
"442","49035103100","4163","1",16566.5027536346
"443","49035103100","4163","2",9146.18212382209
"444","49035103100","4163","3",10966.109129518
"445","49035103100","4163","4",6439.54765154104
"446","49035103100","4163","5",3292.74776258966
"447","49035103100","4163","6",15353.4584923445
"448","49035103100","4163","7",14287.3871709985
"449","49035103200","4536","0",9228.64361673826
"450","49035103200","4536","1",16171.1026506808
"451","49035103200","4536","2",9228.64361673826
"452","49035103200","4536","3",11147.1297741442
"453","49035103200","4536","4",5544.38959090242
"454","49035103200","4536","5",3003.74673675398
"455","49035103200","4536","6",14525.7663286912
"456","49035103200","4536","7",13429.606557664
"457","49035114100","2389","0",11821.3948272961
"458","49035114100","2389","1",18195.6367894136
"459","49035114100","2389","2",11821.3948272961
"460","49035114100","2389","3",9016.83055235908
"461","49035114100","2389","4",5602.2495386715
"462","49035114100","2389","5",5453.58044745031
"463","49035114100","2389","6",15025.7371501393
"464","49035114100","2389","7",12099.1212052962
"465","49035114800","3550","0",15259.2304143385
"466","49035114800","3550","1",24283.5231542173
"467","49035114800","3550","2",15259.2304143385
"468","49035114800","3550","3",8307.55535770397
"469","49035114800","3550","4",14513.6482466646
"470","49035114800","3550","5",11436.1387524082
"471","49035114800","3550","6",23769.6997938324
"472","49035114800","3550","7",20880.5807621718
"473","49035114000","1501","0",7847.12679134941
"474","49035114000","1501","1",16474.5030646561
"475","49035114000","1501","2",7847.12679134941
"476","49035114000","1501","3",12335.4544149362
"477","49035114000","1501","4",8699.99999832614
"478","49035114000","1501","5",3957.34523225234
"479","49035114000","1501","6",16988.944765517
"480","49035114000","1501","7",16868.9226266715
"481","49035114500","6037","0",223.677770983486
"482","49035114500","6037","1",9641.80598141062
"483","49035114500","6037","2",223.677770983486
"484","49035114500","6037","3",19956.7077259168
"485","49035114500","6037","4",10813.6526224404
"486","49035114500","6037","5",6337.79009889902
"487","49035114500","6037","6",14759.4203754332
"488","49035114500","6037","7",19133.4914766892
"489","49035112618","3261","0",18949.3442261847
"490","49035112618","3261","1",18747.4898793271
"491","49035112618","3261","2",18949.3442261847
"492","49035112618","3261","3",17939.3609461768
"493","49035112618","3261","4",8551.12522756596
"494","49035112618","3261","5",14073.5240733421
"495","49035112618","3261","6",8648.06944922282
"496","49035112618","3261","7",1412.56737776472
"497","49035110401","3476","0",13049.4071110735
"498","49035110401","3476","1",17710.5922004587
"499","49035110401","3476","2",13049.4071110735
"500","49035110401","3476","3",10424.1461363563
"501","49035110401","3476","4",3646.7576500957
"502","49035110401","3476","5",6687.97928749459
"503","49035110401","3476","6",12696.2462290765
"504","49035110401","3476","7",8901.17779106458
"505","49035113538","3277","0",7271.96951314635
"506","49035113538","3277","1",3620.37458084965
"507","49035113538","3277","2",7271.96951314635
"508","49035113538","3277","3",23585.9417926139
"509","49035113538","3277","4",10734.1222163625
"510","49035113538","3277","5",9734.86967816662
"511","49035113538","3277","6",9379.19450771611
"512","49035113538","3277","7",16923.6294380333
"513","49035112402","6449","0",17407.9197311599
"514","49035112402","6449","1",15235.0617273165
"515","49035112402","6449","2",17407.9197311599
"516","49035112402","6449","3",20998.313495004
"517","49035112402","6449","4",8873.23997064478
"518","49035112402","6449","5",13855.4681626826
"519","49035112402","6449","6",4445.85360153971
"520","49035112402","6449","7",5810.1190715933
"521","49035113528","5320","0",12818.8300559108
"522","49035113528","5320","1",5566.69326457931
"523","49035113528","5320","2",12818.8300559108
"524","49035113528","5320","3",26332.3585681569
"525","49035113528","5320","4",12415.9056913921
"526","49035113528","5320","5",13725.42013055
"527","49035113528","5320","6",6027.89896079879
"528","49035113528","5320","7",15676.932939597
"529","49035112611","6655","0",18691.7382259991
"530","49035112611","6655","1",17738.7838682513
"531","49035112611","6655","2",18691.7382259991
"532","49035112611","6655","3",19228.4991050502
"533","49035112611","6655","4",8810.74907607626
"534","49035112611","6655","5",14245.1669212679
"535","49035112611","6655","6",7298.32688409175
"536","49035112611","6655","7",2981.50441243132
"537","49035112814","4696","0",25439.914388069
"538","49035112814","4696","1",23776.0096900437
"539","49035112814","4696","2",25439.914388069
"540","49035112814","4696","3",23035.0024476237
"541","49035112814","4696","4",15287.5648330151
"542","49035112814","4696","5",20804.967093886
"543","49035112814","4696","6",12769.3500332732
"544","49035112814","4696","7",6989.77097872343
"545","49035110800","5425","0",15240.9078129001
"546","49035110800","5425","1",18427.7324283191
"547","49035110800","5425","2",15240.9078129001
"548","49035110800","5425","3",11887.4384997013
"549","49035110800","5425","4",4449.1338353644
"550","49035110800","5425","5",9188.62257251199
"551","49035110800","5425","6",11515.1751345223
"552","49035110800","5425","7",5927.84096307122
"553","49035113903","4933","0",8264.60824691426
"554","49035113903","4933","1",5132.70847799985
"555","49035113903","4933","2",8264.60824691426
"556","49035113903","4933","3",27924.7492168316
"557","49035113903","4933","4",16569.3609648281
"558","49035113903","4933","5",13831.6432270298
"559","49035113903","4933","6",15685.7149494384
"560","49035113903","4933","7",23432.2775309047
"561","49035113412","2847","0",5099.48345195604
"562","49035113412","2847","1",4769.73115996019
"563","49035113412","2847","2",5099.48345195604
"564","49035113412","2847","3",23055.9418280032
"565","49035113412","2847","4",11188.7420463235
"566","49035113412","2847","5",8923.60073306078
"567","49035113412","2847","6",11547.2246918931
"568","49035113412","2847","7",18264.9589773418
"569","49035113008","6174","0",18761.954405934
"570","49035113008","6174","1",12722.6053953162
"571","49035113008","6174","2",18761.954405934
"572","49035113008","6174","3",27364.2636988292
"573","49035113008","6174","4",13930.4329976121
"574","49035113008","6174","5",17525.5151693347
"575","49035113008","6174","6",4541.69036005911
"576","49035113008","6174","7",12742.7470240701
"577","49035113701","4074","0",10798.8241447503
"578","49035113701","4074","1",5829.78258746508
"579","49035113701","4074","2",10798.8241447503
"580","49035113701","4074","3",23731.0717591222
"581","49035113701","4074","4",9878.85602141698
"582","49035113701","4074","5",11107.2158381854
"583","49035113701","4074","6",5345.15919087066
"584","49035113701","4074","7",14054.8551685844
"585","49035113536","4158","0",7357.46651885909
"586","49035113536","4158","1",6113.04320181965
"587","49035113536","4158","2",7357.46651885909
"588","49035113536","4158","3",21309.2281878059
"589","49035113536","4158","4",8131.93953818542
"590","49035113536","4158","5",7887.87202780695
"591","49035113536","4158","6",7794.01804725726
"592","49035113536","4158","7",14409.2693104407
"593","49035113309","4928","0",6077.46810084892
"594","49035113309","4928","1",7436.68049224019
"595","49035113309","4928","2",6077.46810084892
"596","49035113309","4928","3",19781.4759568976
"597","49035113309","4928","4",7136.75830219495
"598","49035113309","4928","5",6130.76964976247
"599","49035113309","4928","6",8911.20510117343
"600","49035113309","4928","7",14285.8848706782
"601","49035113107","21591","0",25101.5347193108
"602","49035113107","21591","1",17146.2937642891
"603","49035113107","21591","2",25101.5347193108
"604","49035113107","21591","3",34748.0135801463
"605","49035113107","21591","4",21392.5195064203
"606","49035113107","21591","5",24751.7383100058
"607","49035113107","21591","6",11979.9316810543
"608","49035113107","21591","7",19315.2913800247
"609","49035113019","5973","0",21317.6300713268
"610","49035113019","5973","1",14989.2288479465
"611","49035113019","5973","2",21317.6300713268
"612","49035113019","5973","3",29206.5342076797
"613","49035113019","5973","4",16106.3706527838
"614","49035113019","5973","5",19961.4811272808
"615","49035113019","5973","6",6899.02427151546
"616","49035113019","5973","7",13763.6231730059
"617","49035113108","4444","0",16542.9619983374
"618","49035113108","4444","1",9014.36591419177
"619","49035113108","4444","2",16542.9619983374
"620","49035113108","4444","3",28386.5685413845
"621","49035113108","4444","4",14439.3805754148
"622","49035113108","4444","5",16772.4801319791
"623","49035113108","4444","6",5782.30784676885
"624","49035113108","4444","7",15594.7573858591
"625","49035113904","5657","0",8830.61670263228
"626","49035113904","5657","1",4044.0762205415
"627","49035113904","5657","2",8830.61670263228
"628","49035113904","5657","3",28161.9420716637
"629","49035113904","5657","4",16362.7585545501
"630","49035113904","5657","5",14019.6471423697
"631","49035113904","5657","6",14838.9132448626
"632","49035113904","5657","7",22905.1469097023
"633","49035113411","2689","0",5767.25857060058
"634","49035113411","2689","1",6481.01707440336
"635","49035113411","2689","2",5767.25857060058
"636","49035113411","2689","3",20720.5343497181
"637","49035113411","2689","4",8198.45884942982
"638","49035113411","2689","5",6887.15452465724
"639","49035113411","2689","6",9302.44417868445
"640","49035113411","2689","7",15231.210253692
"641","49035113406","6746","0",4546.01813422975
"642","49035113406","6746","1",6315.60851398107
"643","49035113406","6746","2",4546.01813422975
"644","49035113406","6746","3",21111.4746829848
"645","49035113406","6746","4",9223.40663619028
"646","49035113406","6746","5",7024.27581202916
"647","49035113406","6746","6",10708.3023771127
"648","49035113406","6746","7",16579.9181674108
"649","49035113413","5605","0",6197.4268674697
"650","49035113413","5605","1",3970.3174746071
"651","49035113413","5605","2",6197.4268674697
"652","49035113413","5605","3",23391.2447835793
"653","49035113413","5605","4",11002.6255507597
"654","49035113413","5605","5",9353.97685415444
"655","49035113413","5605","6",10508.5324916449
"656","49035113413","5605","7",17660.6322624596
"657","49035112918","5242","0",16845.0724218633
"658","49035112918","5242","1",12994.8576421929
"659","49035112918","5242","2",16845.0724218633
"660","49035112918","5242","3",23395.383549394
"661","49035112918","5242","4",10253.341334277
"662","49035112918","5242","5",14456.2431554082
"663","49035112918","5242","6",2020.04437932697
"664","49035112918","5242","7",8965.65656943751
"665","49035113801","5775","0",9521.32247794421
"666","49035113801","5775","1",3246.29085649084
"667","49035113801","5775","2",9521.32247794421
"668","49035113801","5775","3",24833.3123039238
"669","49035113801","5775","4",11394.8499209077
"670","49035113801","5775","5",11375.4342719472
"671","49035113801","5775","6",7974.11148354606
"672","49035113801","5775","7",16509.9620599948
"673","49035113534","7303","0",12929.4238021782
"674","49035113534","7303","1",4289.66558932055
"675","49035113534","7303","2",12929.4238021782
"676","49035113534","7303","3",27847.0016476492
"677","49035113534","7303","4",14059.1335063306
"678","49035113534","7303","5",14756.8329045993
"679","49035113534","7303","6",8075.38878053079
"680","49035113534","7303","7",17724.6297444249
"681","49035112817","6374","0",24399.8149737256
"682","49035112817","6374","1",19802.6228146461
"683","49035112817","6374","2",24399.8149737256
"684","49035112817","6374","3",27962.5628334022
"685","49035112817","6374","4",16650.1862630132
"686","49035112817","6374","5",21539.7601622625
"687","49035112817","6374","6",9500.75892960344
"688","49035112817","6374","7",11226.0767185126
"689","49035112816","4852","0",27976.5782510779
"690","49035112816","4852","1",23854.1741615903
"691","49035112816","4852","2",27976.5782510779
"692","49035112816","4852","3",29253.4964094066
"693","49035112816","4852","4",19360.177245063
"694","49035112816","4852","5",24567.8972218316
"695","49035112816","4852","6",13313.2134551221
"696","49035112816","4852","7",12478.9503863253
"697","49035112403","4473","0",15968.5890659584
"698","49035112403","4473","1",13680.9296759065
"699","49035112403","4473","2",15968.5890659584
"700","49035112403","4473","3",20933.6793513232
"701","49035112403","4473","4",8093.44191312455
"702","49035112403","4473","5",12754.3794156463
"703","49035112403","4473","6",3119.11685717994
"704","49035112403","4473","7",6824.89691159935
"705","49035111905","3583","0",11962.7832495844
"706","49035111905","3583","1",15160.7578368534
"707","49035111905","3583","2",11962.7832495844
"708","49035111905","3583","3",13446.1822832503
"709","49035111905","3583","4",1010.99805020098
"710","49035111905","3583","5",6300.05321890835
"711","49035111905","3583","6",9718.08955336562
"712","49035111905","3583","7",7827.15073509655
"713","49035111903","3916","0",12516.9124152311
"714","49035111903","3916","1",16178.2396912604
"715","49035111903","3916","2",12516.9124152311
"716","49035111903","3916","3",12396.6049323816
"717","49035111903","3916","4",1938.75800889075
"718","49035111903","3916","5",6536.72188216188
"719","49035111903","3916","6",10712.8489766109
"720","49035111903","3916","7",7842.25154609469
"721","49035112001","3281","0",12087.9790768224
"722","49035112001","3281","1",14707.5676764372
"723","49035112001","3281","2",12087.9790768224
"724","49035112001","3281","3",14245.4393628286
"725","49035112001","3281","4",1201.57563385034
"726","49035112001","3281","5",6729.16406955868
"727","49035112001","3281","6",8882.90211141061
"728","49035112001","3281","7",7416.65929329219
"729","49035111701","5194","0",10343.483994531
"730","49035111701","5194","1",14704.4576897654
"731","49035111701","5194","2",10343.483994531
"732","49035111701","5194","3",12926.3566002808
"733","49035111701","5194","4",1545.54072471647
"734","49035111701","5194","5",4368.84369293032
"735","49035111701","5194","6",10848.9845199334
"736","49035111701","5194","7",9810.8623896258
"737","49035113515","5788","0",10740.8547881825
"738","49035113515","5788","1",10664.4673029888
"739","49035113515","5788","2",10740.8547881825
"740","49035113515","5788","3",18491.8751558975
"741","49035113515","5788","4",4509.73505031859
"742","49035113515","5788","5",7734.8470957133
"743","49035113515","5788","6",5375.37623089244
"744","49035113515","5788","7",9428.77388345181
"745","49035112301","3823","0",13556.8810028965
"746","49035112301","3823","1",14714.4334771485
"747","49035112301","3823","2",13556.8810028965
"748","49035112301","3823","3",15886.3624409548
"749","49035112301","3823","4",3336.04023523601
"750","49035112301","3823","5",8740.93972974167
"751","49035112301","3823","6",7233.83317997489
"752","49035112301","3823","7",5795.25152003982
"753","49035112503","4633","0",16625.9778889055
"754","49035112503","4633","1",15711.2309151766
"755","49035112503","4633","2",16625.9778889055
"756","49035112503","4633","3",18881.4417940201
"757","49035112503","4633","4",7180.28399919558
"758","49035112503","4633","5",12448.8654602753
"759","49035112503","4633","6",5693.81674354904
"760","49035112503","4633","7",4264.48030886065
"761","49035113306","6082","0",6755.48215862076
"762","49035113306","6082","1",9421.27652477056
"763","49035113306","6082","2",6755.48215862076
"764","49035113306","6082","3",17860.0997392807
"765","49035113306","6082","4",5169.57245541824
"766","49035113306","6082","5",4671.89516295694
"767","49035113306","6082","6",8880.01934077251
"768","49035113306","6082","7",12778.5768633035
"769","49035113535","7020","0",14261.6678446638
"770","49035113535","7020","1",6109.33180552332
"771","49035113535","7020","2",14261.6678446638
"772","49035113535","7020","3",27986.3487616726
"773","49035113535","7020","4",14042.2474919423
"774","49035113535","7020","5",15415.8830205764
"775","49035113535","7020","6",6917.37395095381
"776","49035113535","7020","7",16797.1131894363
"777","49035113702","2760","0",10394.6763756105
"778","49035113702","2760","1",5273.00196173912
"779","49035113702","2760","2",10394.6763756105
"780","49035113702","2760","3",23866.8796841043
"781","49035113702","2760","4",10093.5200055478
"782","49035113702","2760","5",11019.1948467305
"783","49035113702","2760","6",5935.54469591479
"784","49035113702","2760","7",14553.5409623946
"785","49035113539","4723","0",7987.52068196993
"786","49035113539","4723","1",3137.16712745783
"787","49035113539","4723","2",7987.52068196993
"788","49035113539","4723","3",24143.1471635675
"789","49035113539","4723","4",11109.4007378956
"790","49035113539","4723","5",10373.8642901249
"791","49035113539","4723","6",9082.14256094656
"792","49035113539","4723","7",16985.8356785757
"793","49035112822","4709","0",22881.5947906093
"794","49035112822","4709","1",19501.8070183899
"795","49035112822","4709","2",22881.5947906093
"796","49035112822","4709","3",24968.3294951048
"797","49035112822","4709","4",14234.0309987569
"798","49035112822","4709","5",19390.3302102859
"799","49035112822","4709","6",8566.95158860054
"800","49035112822","4709","7",8171.68445239598
"801","49035113537","3582","0",7472.95778729287
"802","49035113537","3582","1",6901.64469941601
"803","49035113537","3582","2",7472.95778729287
"804","49035113537","3582","3",20593.8232010486
"805","49035113537","3582","4",7339.93702442075
"806","49035113537","3582","5",7350.28486325762
"807","49035113537","3582","6",7526.46887161442
"808","49035113537","3582","7",13702.7864582801
"809","49035113310","3015","0",6113.43528669312
"810","49035113310","3015","1",8395.55017795137
"811","49035113310","3015","2",6113.43528669312
"812","49035113310","3015","3",18825.4594928204
"813","49035113310","3015","4",6278.99164319215
"814","49035113310","3015","5",5267.22856480646
"815","49035113310","3015","6",9057.27098898512
"816","49035113310","3015","7",13719.7351720125
"817","49035113105","4235","0",26302.6858403493
"818","49035113105","4235","1",16749.6647109018
"819","49035113105","4235","2",26302.6858403493
"820","49035113105","4235","3",39985.7444761176
"821","49035113105","4235","4",26038.5139960438
"822","49035113105","4235","5",27956.0675060917
"823","49035113105","4235","6",17099.3603575715
"824","49035113105","4235","7",26195.5666135308
"825","49035113013","4990","0",23502.0823730473
"826","49035113013","4990","1",16777.3952536377
"827","49035113013","4990","2",23502.0823730473
"828","49035113013","4990","3",31250.4878264072
"829","49035113013","4990","4",18318.5332239001
"830","49035113013","4990","5",22230.4977241131
"831","49035113013","4990","6",9166.36837553562
"832","49035113013","4990","7",15424.9743454678
"833","49035110500","6164","0",15893.2975251105
"834","49035110500","6164","1",20733.3780580803
"835","49035110500","6164","2",15893.2975251105
"836","49035110500","6164","3",8307.71631174489
"837","49035110500","6164","4",6543.80589232138
"838","49035110500","6164","5",9445.57878591904
"839","49035110500","6164","6",14935.2373377631
"840","49035110500","6164","7",8970.06163482737
"841","49035112615","2419","0",21707.889182698
"842","49035112615","2419","1",21309.3064363416
"843","49035112615","2419","2",21707.889182698
"844","49035112615","2419","3",18994.5786294933
"845","49035112615","2419","4",11166.7408698808
"846","49035112615","2419","5",16691.7056789805
"847","49035112615","2419","6",10808.143258342
"848","49035112615","2419","7",2650.71293811322
"849","49035113905","7316","0",9510.15638468991
"850","49035113905","7316","1",3061.50646333741
"851","49035113905","7316","2",9510.15638468991
"852","49035113905","7316","3",28443.758328717
"853","49035113905","7316","4",16243.1597768669
"854","49035113905","7316","5",14303.3405264903
"855","49035113905","7316","6",14052.1542887035
"856","49035113905","7316","7",22433.7447155725
"857","49035111202","4687","0",18185.5103450801
"858","49035111202","4687","1",18532.5180572153
"859","49035111202","4687","2",18185.5103450801
"860","49035111202","4687","3",16839.8738530684
"861","49035111202","4687","4",7583.87182018958
"862","49035111202","4687","5",13110.6079917645
"863","49035111202","4687","6",8880.55721385859
"864","49035111202","4687","7",1233.10768667738
"865","49035113020","11672","0",21047.6345154132
"866","49035113020","11672","1",13927.1670202908
"867","49035113020","11672","2",21047.6345154132
"868","49035113020","11672","3",30382.5609550551
"869","49035113020","11672","4",16927.3750043289
"870","49035113020","11672","5",20330.0677495673
"871","49035113020","11672","6",7508.59894310931
"872","49035113020","11672","7",15453.7701829554
"873","49035112921","3444","0",17099.7643879802
"874","49035112921","3444","1",11862.3821243016
"875","49035112921","3444","2",17099.7643879802
"876","49035112921","3444","3",25459.5555532526
"877","49035112921","3444","4",11953.2494032505
"878","49035112921","3444","5",15584.9277316589
"879","49035112921","3444","6",2559.94665603863
"880","49035112921","3444","7",11334.4209911626
"881","49035102701","5099","0",5040.41247634211
"882","49035102701","5099","1",14055.3815594707
"883","49035102701","5099","2",5040.41247634211
"884","49035102701","5099","3",15121.026277538
"885","49035102701","5099","4",9061.80735056364
"886","49035102701","5099","5",3538.97984683509
"887","49035102701","5099","6",16093.4354550351
"888","49035102701","5099","7",17629.9761009529
"889","49035112821","6257","0",29710.5730387769
"890","49035112821","6257","1",26106.3582528402
"891","49035112821","6257","2",29710.5730387769
"892","49035112821","6257","3",29373.0230254651
"893","49035112821","6257","4",20534.1756244185
"894","49035112821","6257","5",25899.3666884412
"895","49035112821","6257","6",15355.6386824855
"896","49035112821","6257","7",12952.0247266773
"897","49035112819","7040","0",26802.6309558231
"898","49035112819","7040","1",22575.5899333039
"899","49035112819","7040","2",26802.6309558231
"900","49035112819","7040","3",28712.7855061622
"901","49035112819","7040","4",18396.3010983793
"902","49035112819","7040","5",23530.9125038064
"903","49035112819","7040","6",12073.8368928629
"904","49035112819","7040","7",11871.7433127086
"905","49035113523","6255","0",10612.8903581056
"906","49035113523","6255","1",6938.10835480081
"907","49035113523","6255","2",10612.8903581056
"908","49035113523","6255","3",22493.967370739
"909","49035113523","6255","4",8591.64547692619
"910","49035113523","6255","5",10192.495931561
"911","49035113523","6255","6",4705.99533767079
"912","49035113523","6255","7",12834.716588204
"913","49035113522","3293","0",9267.106792221
"914","49035113522","3293","1",7947.50818212437
"915","49035113522","3293","2",9267.106792221
"916","49035113522","3293","3",20435.1956967914
"917","49035113522","3293","4",6650.86839119638
"918","49035113522","3293","5",8085.36975766286
"919","49035113522","3293","6",5726.97106229668
"920","49035113522","3293","7",12051.7331989439
"921","49035112916","4567","0",15431.5849554269
"922","49035112916","4567","1",9939.03876710579
"923","49035112916","4567","2",15431.5849554269
"924","49035112916","4567","3",25205.3409548309
"925","49035112916","4567","4",11383.7844940418
"926","49035112916","4567","5",14441.8679892348
"927","49035112916","4567","6",2322.11050287397
"928","49035112916","4567","7",12180.8504446362
"929","49035103400","4080","0",10593.9257397735
"930","49035103400","4080","1",17864.6676839439
"931","49035103400","4080","2",10593.9257397735
"932","49035103400","4080","3",9538.99338902802
"933","49035103400","4080","4",6711.91620332868
"934","49035103400","4080","5",4636.32191886509
"935","49035103400","4080","6",15959.0468518726
"936","49035103400","4080","7",13940.370477929
"937","49035112617","3551","0",24041.9081740403
"938","49035112617","3551","1",22652.9946195853
"939","49035112617","3551","2",24041.9081740403
"940","49035112617","3551","3",21822.2478349279
"941","49035112617","3551","4",13834.1006962192
"942","49035112617","3551","5",19353.5128085185
"943","49035112617","3551","6",11717.5314581128
"944","49035112617","3551","7",5556.8949327964
"945","49035104000","3267","0",13088.7414794178
"946","49035104000","3267","1",20139.8452180549
"947","49035104000","3267","2",13088.7414794178
"948","49035104000","3267","3",7107.73206749988
"949","49035104000","3267","4",7794.96719686909
"950","49035104000","3267","5",7044.08505319486
"951","49035104000","3267","6",17219.9415952167
"952","49035104000","3267","7",13662.5011781326
"953","49035112823","4493","0",24609.8051896947
"954","49035112823","4493","1",20834.5995540398
"955","49035112823","4493","2",24609.8051896947
"956","49035112823","4493","3",26581.5446784738
"957","49035112823","4493","4",16064.0095674386
"958","49035112823","4493","5",21214.1881635963
"959","49035112823","4493","6",10069.7703847928
"960","49035112823","4493","7",9734.05456831841
"961","49035112920","4309","0",16843.770384433
"962","49035112920","4309","1",12418.6297210992
"963","49035112920","4309","2",16843.770384433
"964","49035112920","4309","3",24219.3773912645
"965","49035112920","4309","4",10886.9626519093
"966","49035112920","4309","5",14833.1231634079
"967","49035112920","4309","6",1868.01813020266
"968","49035112920","4309","7",9962.21482479663
"969","49035100307","5223","0",7029.76260748421
"970","49035100307","5223","1",16797.8535055771
"971","49035100307","5223","2",7029.76260748421
"972","49035100307","5223","3",17043.0319691653
"973","49035100307","5223","4",13830.6535886555
"974","49035100307","5223","5",8334.86781575556
"975","49035100307","5223","6",20665.4273837225
"976","49035100307","5223","7",22341.1630969896
"977","49035112404","3903","0",15541.6741565144
"978","49035112404","3903","1",14291.4580175241
"979","49035112404","3903","2",15541.6741565144
"980","49035112404","3903","3",19345.2879414338
"981","49035112404","3903","4",6791.92367964177
"982","49035112404","3903","5",11767.3236613456
"983","49035112404","3903","6",4442.19927569137
"984","49035112404","3903","7",5639.010741872
"985","49035111906","4186","0",11097.7157774292
"986","49035111906","4186","1",14580.4680220711
"987","49035111906","4186","2",11097.7157774292
"988","49035111906","4186","3",13577.4528774338
"989","49035111906","4186","4",405.310299227254
"990","49035111906","4186","5",5456.97906397372
"991","49035111906","4186","6",9812.68207054299
"992","49035111906","4186","7",8659.23829127387
"993","49035112619","3110","0",20143.4699979385
"994","49035112619","3110","1",19592.6400515024
"995","49035112619","3110","2",20143.4699979385
"996","49035112619","3110","3",18830.6912757838
"997","49035112619","3110","4",9809.72583784998
"998","49035112619","3110","5",15330.4054865594
"999","49035112619","3110","6",9165.25927663433
"1000","49035112619","3110","7",1980.62395375219
"1001","49035104900","3147","0",10135.9495790566
"1002","49035104900","3147","1",16214.1610524004
"1003","49035104900","3147","2",10135.9495790566
"1004","49035104900","3147","3",10994.9497467964
"1005","49035104900","3147","4",4238.85222468056
"1006","49035104900","3147","5",3679.45359212326
"1007","49035104900","3147","6",13507.849670256
"1008","49035104900","3147","7",11872.5855067739
"1009","49035104700","4774","0",12118.8176138895
"1010","49035104700","4774","1",18115.3582537816
"1011","49035104700","4774","2",12118.8176138895
"1012","49035104700","4774","3",9186.12217503357
"1013","49035104700","4774","4",5095.39493355055
"1014","49035104700","4774","5",5681.68430058338
"1015","49035104700","4774","6",14512.338922661
"1016","49035104700","4774","7",11357.2878235571
"1017","49035111400","6555","0",9348.17668118086
"1018","49035111400","6555","1",15357.4813134555
"1019","49035111400","6555","2",9348.17668118086
"1020","49035111400","6555","3",11845.3283168693
"1021","49035111400","6555","4",3962.73019843279
"1022","49035111400","6555","5",2892.47109433056
"1023","49035111400","6555","6",13000.2076870364
"1024","49035111400","6555","7",12031.1564951354
"1025","49035103800","2382","0",11871.6362526108
"1026","49035103800","2382","1",18633.7445029213
"1027","49035103800","2382","2",11871.6362526108
"1028","49035103800","2382","3",8577.07832834114
"1029","49035103800","2382","4",6385.04119456121
"1030","49035103800","2382","5",5646.2964985281
"1031","49035103800","2382","6",15798.8290636772
"1032","49035103800","2382","7",12885.4512041266
"1033","49035100200","1289","0",12690.5117345855
"1034","49035100200","1289","1",22232.1509799938
"1035","49035100200","1289","2",12690.5117345855
"1036","49035100200","1289","3",11975.5361933292
"1037","49035100200","1289","4",14784.6137455972
"1038","49035100200","1289","5",10459.4464588762
"1039","49035100200","1289","6",23465.9244092827
"1040","49035100200","1289","7",22241.4918243236
"1041","49035113012","4854","0",21002.8053249172
"1042","49035113012","4854","1",16557.5188258142
"1043","49035113012","4854","2",21002.8053249172
"1044","49035113012","4854","3",25909.0131034117
"1045","49035113012","4854","4",13735.1718211649
"1046","49035113012","4854","5",18375.923341084
"1047","49035113012","4854","6",6082.37163696693
"1048","49035113012","4854","7",9768.50873331887
"1049","49035103700","2581","0",11808.9155308642
"1050","49035103700","2581","1",18970.835995749
"1051","49035103700","2581","2",11808.9155308642
"1052","49035103700","2581","3",8347.31473369116
"1053","49035103700","2581","4",7162.18807658885
"1054","49035103700","2581","5",5802.97617427778
"1055","49035103700","2581","6",16548.2868281528
"1056","49035103700","2581","7",13760.7520107046
"1057","49035112202","3909","0",13502.905522909
"1058","49035112202","3909","1",13649.8743167349
"1059","49035112202","3909","2",13502.905522909
"1060","49035112202","3909","3",17418.5262917286
"1061","49035112202","3909","4",4324.80003579704
"1062","49035112202","3909","5",9327.50185053493
"1063","49035112202","3909","6",5680.9574540581
"1064","49035112202","3909","7",6272.03930453921
"1065","49035111904","3509","0",13197.2794317714
"1066","49035111904","3509","1",16147.8238373617
"1067","49035111904","3509","2",13197.2794317714
"1068","49035111904","3509","3",13169.2900212553
"1069","49035111904","3509","4",2227.81017546939
"1070","49035111904","3509","5",7456.57838139423
"1071","49035111904","3509","6",9903.05847258925
"1072","49035111904","3509","7",6750.19193155922
"1073","49035112002","4505","0",13371.142793323
"1074","49035112002","4505","1",15179.6846233199
"1075","49035112002","4505","2",13371.142793323
"1076","49035112002","4505","3",14930.200951028
"1077","49035112002","4505","4",2693.28246089741
"1078","49035112002","4505","5",8211.43067281582
"1079","49035112002","4505","6",8165.63112261549
"1080","49035112002","4505","7",6001.49766838175
"1081","49035110402","3653","0",14208.5933769111
"1082","49035110402","3653","1",18940.2787039081
"1083","49035110402","3653","2",14208.5933769111
"1084","49035110402","3653","3",9514.49354052404
"1085","49035110402","3653","4",4798.77179718643
"1086","49035110402","3653","5",7797.29461459505
"1087","49035110402","3653","6",13556.2964147899
"1088","49035110402","3653","7",8779.20557244869
"1089","49035111702","4361","0",10435.0104486441
"1090","49035111702","4361","1",15296.4591197685
"1091","49035111702","4361","2",10435.0104486441
"1092","49035111702","4361","3",12189.4231374373
"1093","49035111702","4361","4",2304.26262166161
"1094","49035111702","4361","5",4206.76402346392
"1095","49035111702","4361","6",11657.8708616029
"1096","49035111702","4361","7",10223.4289386453
"1097","49035111802","2408","0",11382.4121179262
"1098","49035111802","2408","1",16594.1157528065
"1099","49035111802","2408","2",11382.4121179262
"1100","49035111802","2408","3",10905.6417940589
"1101","49035111802","2408","4",3272.12043336486
"1102","49035111802","2408","5",4976.77861194627
"1103","49035111802","2408","6",12695.1806254147
"1104","49035111802","2408","7",10242.0251212561
"1105","49035101101","1969","0",10130.8064507859
"1106","49035101101","1969","1",18984.5374170003
"1107","49035101101","1969","2",10130.8064507859
"1108","49035101101","1969","3",10673.0234473887
"1109","49035101101","1969","4",10367.1924688486
"1110","49035101101","1969","5",6312.55836981715
"1111","49035101101","1969","6",19145.5209168909
"1112","49035101101","1969","7",17988.4851295293
"1113","49035111801","5276","0",11820.1254447642
"1114","49035111801","5276","1",16361.0165307863
"1115","49035111801","5276","2",11820.1254447642
"1116","49035111801","5276","3",11516.5758358153
"1117","49035111801","5276","4",2468.21811483763
"1118","49035111801","5276","5",5567.44393079295
"1119","49035111801","5276","6",11801.6968588304
"1120","49035111801","5276","7",9188.50384024464
"1121","49035103500","4045","0",10598.1729184477
"1122","49035103500","4045","1",18269.5534821562
"1123","49035103500","4045","2",10598.1729184477
"1124","49035103500","4045","3",9413.35498826887
"1125","49035103500","4045","4",7581.03771871294
"1126","49035103500","4045","5",4995.09183854104
"1127","49035103500","4045","6",16768.8674312097
"1128","49035103500","4045","7",14828.7543010459
"1129","49035101800","3086","0",10342.6743291076
"1130","49035101800","3086","1",18475.7560263061
"1131","49035101800","3086","2",10342.6743291076
"1132","49035101800","3086","3",9736.5521942431
"1133","49035101800","3086","4",8527.93399282783
"1134","49035101800","3086","5",5290.69263571836
"1135","49035101800","3086","6",17579.1103271943
"1136","49035101800","3086","7",15930.7608299648
"1137","49035113527","4566","0",12011.1968861341
"1138","49035113527","4566","1",4907.64198042359
"1139","49035113527","4566","2",12011.1968861341
"1140","49035113527","4566","3",25913.4106967903
"1141","49035113527","4566","4",12063.8129227775
"1142","49035113527","4566","5",13097.1250248665
"1143","49035113527","4566","6",6360.31315957332
"1144","49035113527","4566","7",15787.0263212101
"1145","49035113526","5266","0",11620.3673350695
"1146","49035113526","5266","1",2551.65802693913
"1147","49035113526","5266","2",11620.3673350695
"1148","49035113526","5266","3",27591.4633132095
"1149","49035113526","5266","4",14061.287544465
"1150","49035113526","5266","5",14097.1052329757
"1151","49035113526","5266","6",9217.89806853887
"1152","49035113526","5266","7",18530.2625957953
"1153","49035103900","3786","0",13083.5356620554
"1154","49035103900","3786","1",19769.2356576789
"1155","49035103900","3786","2",13083.5356620554
"1156","49035103900","3786","3",7432.8072045003
"1157","49035103900","3786","4",7061.22813943595
"1158","49035103900","3786","5",6857.36174421415
"1159","49035103900","3786","6",16475.5477287722
"1160","49035103900","3786","7",12795.6013633891
"1161","49035103600","2670","0",11815.8057906135
"1162","49035103600","2670","1",19383.823003511
"1163","49035103600","2670","2",11815.8057906135
"1164","49035103600","2670","3",8196.45265839969
"1165","49035103600","2670","4",8047.38454295974
"1166","49035103600","2670","5",6121.12713818922
"1167","49035103600","2670","6",17392.2913628004
"1168","49035103600","2670","7",14730.4968512674
"1169","49035101900","2497","0",9860.97977305014
"1170","49035101900","2497","1",18467.9009595625
"1171","49035101900","2497","2",9860.97977305014
"1172","49035101900","2497","3",10537.4393581209
"1173","49035101900","2497","4",9505.33913530154
"1174","49035101900","2497","5",5593.01248313033
"1175","49035101900","2497","6",18327.840365327
"1176","49035101900","2497","7",17144.2656439055
"1177","49035101102","3422","0",9520.79537552429
"1178","49035101102","3422","1",18478.7425067207
"1179","49035101102","3422","2",9520.79537552429
"1180","49035101102","3422","3",11328.7864543131
"1181","49035101102","3422","4",10358.2711768186
"1182","49035101102","3422","5",6013.84605071615
"1183","49035101102","3422","6",18966.545577398
"1184","49035101102","3422","7",18163.3172414339
"1185","49035100308","4222","0",7281.40545656693
"1186","49035100308","4222","1",17060.0111758758
"1187","49035100308","4222","2",7281.40545656693
"1188","49035100308","4222","3",16467.3139042995
"1189","49035100308","4222","4",13561.9180984798
"1190","49035100308","4222","5",8102.27735139408
"1191","49035100308","4222","6",20608.6195969341
"1192","49035100308","4222","7",22031.2931694876
"1193","49035113906","3969","0",11592.8793571195
"1194","49035113906","3969","1",15535.8971134012
"1195","49035113906","3969","2",11592.8793571195
"1196","49035113906","3969","3",29703.954818232
"1197","49035113906","3969","4",22589.4490561097
"1198","49035113906","3969","5",17780.4968862704
"1199","49035113906","3969","6",25025.3382242629
"1200","49035113906","3969","7",30832.8574422594
"1201","49035102702","3835","0",5386.45555751248
"1202","49035102702","3835","1",14801.6508268806
"1203","49035102702","3835","2",5386.45555751248
"1204","49035102702","3835","3",15302.0614562908
"1205","49035102702","3835","4",10217.6447216392
"1206","49035102702","3835","5",4714.42702831809
"1207","49035102702","3835","6",17281.9124011774
"1208","49035102702","3835","7",18756.4186065665
"1209","49035980000","0","0",5839.26417509583
"1210","49035980000","0","1",14861.6630307323
"1211","49035980000","0","2",5839.26417509583
"1212","49035980000","0","3",20690.1249971506
"1213","49035980000","0","4",15453.437856426
"1214","49035980000","0","5",10027.1156623882
"1215","49035980000","0","6",20752.3259161494
"1216","49035980000","0","7",24056.0978490723
"1217","49035112820","7344","0",30477.1570363577
"1218","49035112820","7344","1",25655.4961351496
"1219","49035112820","7344","2",30477.1570363577
"1220","49035112820","7344","3",32317.7020322441
"1221","49035112820","7344","4",22263.8577396474
"1222","49035112820","7344","5",27376.2014418554
"1223","49035112820","7344","6",15590.193056017
"1224","49035112820","7344","7",15548.129503329
"1225","49035111201","2761","0",17376.9209500494
"1226","49035111201","2761","1",18156.8114580385
"1227","49035111201","2761","2",17376.9209500494
"1228","49035111201","2761","3",16009.8769094574
"1229","49035111201","2761","4",6654.96730459525
"1230","49035111201","2761","5",12173.0623182444
"1231","49035111201","2761","6",8952.83076641477
"1232","49035111201","2761","7",1965.85653156843
"1233","49035112612","4096","0",20041.725547066
"1234","49035112612","4096","1",18464.0490168542
"1235","49035112612","4096","2",20041.725547066
"1236","49035112612","4096","3",20655.2611615769
"1237","49035112612","4096","4",10390.9948205804
"1238","49035112612","4096","5",15788.0905489894
"1239","49035112612","4096","6",7641.87521053598
"1240","49035112612","4096","7",3976.31759047726
"1241","49035101500","3214","0",11327.6579861868
"1242","49035101500","3214","1",19722.8596921239
"1243","49035101500","3214","2",11327.6579861868
"1244","49035101500","3214","3",9035.60278377007
"1245","49035101500","3214","4",9761.86999749535
"1246","49035101500","3214","5",6604.38245379936
"1247","49035101500","3214","6",18892.6295832333
"1248","49035101500","3214","7",16878.437008112
"1249","49035102300","2760","0",8923.60532093184
"1250","49035102300","2760","1",17249.9277518304
"1251","49035102300","2760","2",8923.60532093184
"1252","49035102300","2760","3",11168.2077020483
"1253","49035102300","2760","4",8346.02188795437
"1254","49035102300","2760","5",4272.17660315805
"1255","49035102300","2760","6",17036.677575829
"1256","49035102300","2760","7",16231.9230278028
"1257","49035101600","3628","0",11113.4225817026
"1258","49035101600","3628","1",19153.2576503886
"1259","49035101600","3628","2",11113.4225817026
"1260","49035101600","3628","3",8961.01954046663
"1261","49035101600","3628","4",8726.22185001597
"1262","49035101600","3628","5",5916.21400052189
"1263","49035101600","3628","6",17916.395932323
"1264","49035101600","3628","7",15822.0110163544
"1265","49035101700","3534","0",10561.3371571755
"1266","49035101700","3534","1",19063.8734709089
"1267","49035101700","3534","2",10561.3371571755
"1268","49035101700","3534","3",9818.02633451947
"1269","49035101700","3534","4",9599.12949211404
"1270","49035101700","3534","5",6050.9088645708
"1271","49035101700","3534","6",18584.8624213256
"1272","49035101700","3534","7",17000.6251642975
"1273","49035100800","2491","0",8763.74632832496
"1274","49035100800","2491","1",17844.5080249785
"1275","49035100800","2491","2",8763.74632832496
"1276","49035100800","2491","3",12132.2752165486
"1277","49035100800","2491","4",10368.1257823922
"1278","49035100800","2491","5",5694.77445758671
"1279","49035100800","2491","6",18739.2325074523
"1280","49035100800","2491","7",18373.5618825764
"1281","49035103000","2954","0",9151.05895533705
"1282","49035103000","2954","1",17002.0030196364
"1283","49035103000","2954","2",9151.05895533705
"1284","49035103000","2954","3",10857.0520005605
"1285","49035103000","2954","4",7340.34406332159
"1286","49035103000","2954","5",3780.81318210545
"1287","49035103000","2954","6",16192.9908154076
"1288","49035103000","2954","7",15154.8259390006
"1289","49035113509","6332","0",7340.51540627949
"1290","49035113509","6332","1",10666.0850810406
"1291","49035113509","6332","2",7340.51540627949
"1292","49035113509","6332","3",16654.7132433963
"1293","49035113509","6332","4",4025.07268495261
"1294","49035113509","6332","5",3934.39139307146
"1295","49035113509","6332","6",9185.04590643563
"1296","49035113509","6332","7",12003.1715124468
"1297","49035112912","2769","0",13888.1573423096
"1298","49035112912","2769","1",8831.25523728166
"1299","49035112912","2769","2",13888.1573423096
"1300","49035112912","2769","3",24233.2761272755
"1301","49035112912","2769","4",10297.1818296374
"1302","49035112912","2769","5",13019.503783593
"1303","49035112912","2769","6",2350.94067432606
"1304","49035112912","2769","7",12148.9511076149
"1305","49035113408","6644","0",7992.06153949807
"1306","49035113408","6644","1",2298.29883276731
"1307","49035113408","6644","2",7992.06153949807
"1308","49035113408","6644","3",26488.7420434571
"1309","49035113408","6644","4",14223.2023197352
"1310","49035113408","6644","5",12367.4946795803
"1311","49035113408","6644","6",12544.7757639482
"1312","49035113408","6644","7",20566.8672631443
"1313","49035112700","4821","0",19129.6241906689
"1314","49035112700","4821","1",17033.4908145045
"1315","49035112700","4821","2",19129.6241906689
"1316","49035112700","4821","3",21286.3458760232
"1317","49035112700","4821","4",10066.1938691264
"1318","49035112700","4821","5",15280.3919735124
"1319","49035112700","4821","6",6117.53607340685
"1320","49035112700","4821","7",5080.05521963271
"1321","49035113407","10940","0",5780.60132192731
"1322","49035113407","10940","1",4799.58875731372
"1323","49035113407","10940","2",5780.60132192731
"1324","49035113407","10940","3",25135.4418242358
"1325","49035113407","10940","4",13814.1207807134
"1326","49035113407","10940","5",11017.6904591983
"1327","49035113407","10940","6",13873.0696251031
"1328","49035113407","10940","7",20958.4205059441
"1329","49035111304","3676","0",22492.0530080692
"1330","49035111304","3676","1",22757.6648633014
"1331","49035111304","3676","2",22492.0530080692
"1332","49035111304","3676","3",17948.4206146247
"1333","49035111304","3676","4",11667.3473971318
"1334","49035111304","3676","5",17121.9205022946
"1335","49035111304","3676","6",12498.2586992915
"1336","49035111304","3676","7",3185.52284508164
"1337","49035111305","3872","0",19395.847620299
"1338","49035111305","3872","1",20161.0970579071
"1339","49035111305","3872","2",19395.847620299
"1340","49035111305","3872","3",16194.261372343
"1341","49035111305","3872","4",8548.31571340278
"1342","49035111305","3872","5",14012.2666569097
"1343","49035111305","3872","6",10541.9726551731
"1344","49035111305","3872","7",740.723694610932
"1345","49035112614","3380","0",21227.6781346747
"1346","49035112614","3380","1",21208.4939233068
"1347","49035112614","3380","2",21227.6781346747
"1348","49035112614","3380","3",18114.303134064
"1349","49035112614","3380","4",10555.7119881598
"1350","49035112614","3380","5",16066.45199835
"1351","49035112614","3380","6",10923.4033905298
"1352","49035112614","3380","7",1950.90321184683
"1353","49035113521","6489","0",9014.57276113731
"1354","49035113521","6489","1",6518.14039996691
"1355","49035113521","6489","2",9014.57276113731
"1356","49035113521","6489","3",21691.73784576
"1357","49035113521","6489","4",8029.1133557071
"1358","49035113521","6489","5",8864.81959912454
"1359","49035113521","6489","6",6140.52752292508
"1360","49035113521","6489","7",13370.3078257558
"1361","49035101000","2959","0",10570.3685940793
"1362","49035101000","2959","1",19607.5944340739
"1363","49035101000","2959","2",10570.3685940793
"1364","49035101000","2959","3",10746.0145759625
"1365","49035101000","2959","4",11213.7588733252
"1366","49035101000","2959","5",7102.36773970938
"1367","49035101000","2959","6",19981.8394402645
"1368","49035101000","2959","7",18783.6121461872
"1369","49035113308","5079","0",4926.54522236687
"1370","49035113308","5079","1",8263.81791035537
"1371","49035113308","5079","2",4926.54522236687
"1372","49035113308","5079","3",18980.1279436743
"1373","49035113308","5079","4",7083.36927005585
"1374","49035113308","5079","5",5034.07172969216
"1375","49035113308","5079","6",10170.2365615694
"1376","49035113308","5079","7",14811.5920634799
"1377","49035113409","5458","0",6965.37485793132
"1378","49035113409","5458","1",2813.42529759745
"1379","49035113409","5458","2",6965.37485793132
"1380","49035113409","5458","3",24934.6657770215
"1381","49035113409","5458","4",12611.2025086535
"1382","49035113409","5458","5",10843.9361710133
"1383","49035113409","5458","6",11457.7544165614
"1384","49035113409","5458","7",19099.9191137213
"1385","49035100500","6379","0",7370.19363678519
"1386","49035100500","6379","1",17055.8818712067
"1387","49035100500","6379","2",7370.19363678519
"1388","49035100500","6379","3",15052.3497289448
"1389","49035100500","6379","4",12313.4752827282
"1390","49035100500","6379","5",6962.63509413438
"1391","49035100500","6379","6",19769.2348556524
"1392","49035100500","6379","7",20697.1944763452
"1393","49035100700","2704","0",9042.62731371213
"1394","49035100700","2704","1",18346.3444740533
"1395","49035100700","2704","2",9042.62731371213
"1396","49035100700","2704","3",12478.9987133259
"1397","49035100700","2704","4",11301.9178187622
"1398","49035100700","2704","5",6537.13458666144
"1399","49035100700","2704","6",19600.9695964772
"1400","49035100700","2704","7",19305.1921720552
"1401","49035112815","5044","0",28505.3799841296
"1402","49035112815","5044","1",26637.8814407461
"1403","49035112815","5044","2",28505.3799841296
"1404","49035112815","5044","3",25162.1459492522
"1405","49035112815","5044","4",18291.3581362727
"1406","49035112815","5044","5",23816.4848779343
"1407","49035112815","5044","6",15595.5013386493
"1408","49035112815","5044","7",9848.15923417587
"1409","49035113010","6343","0",19198.0167876917
"1410","49035113010","6343","1",14235.0264258756
"1411","49035113010","6343","2",19198.0167876917
"1412","49035113010","6343","3",25918.0739853675
"1413","49035113010","6343","4",12974.9538494293
"1414","49035113010","6343","5",17150.2126065288
"1415","49035113010","6343","6",4242.71025172125
"1416","49035113010","6343","7",10638.2364544553
"1417","49035104300","2821","0",14382.7665198732
"1418","49035104300","2821","1",20833.2794461486
"1419","49035104300","2821","2",14382.7665198732
"1420","49035104300","2821","3",6452.82307861361
"1421","49035104300","2821","4",7630.72586989363
"1422","49035104300","2821","5",8098.01244794835
"1423","49035104300","2821","6",16937.8613893617
"1424","49035104300","2821","7",12431.4246030827
"1425","49035113011","5806","0",21448.4590644046
"1426","49035113011","5806","1",16042.9899121488
"1427","49035113011","5806","2",21448.4590644046
"1428","49035113011","5806","3",27734.6108693467
"1429","49035113011","5806","4",15115.9188895075
"1430","49035113011","5806","5",19416.519172095
"1431","49035113011","5806","6",6524.50157557423
"1432","49035113011","5806","7",11832.2613017171
"1433","49035100306","5062","0",5265.35630156556
"1434","49035100306","5062","1",14996.2705815256
"1435","49035100306","5062","2",5265.35630156556
"1436","49035100306","5062","3",16463.3353958501
"1437","49035100306","5062","4",11694.4361171735
"1438","49035100306","5062","5",6168.86922647348
"1439","49035100306","5062","6",18386.2371988202
"1440","49035100306","5062","7",20261.6916893615
"1441","49035112913","5129","0",14034.7930557424
"1442","49035112913","5129","1",9925.72071479295
"1443","49035112913","5129","2",14034.7930557424
"1444","49035112913","5129","3",23118.2234766439
"1445","49035112913","5129","4",9279.02942179875
"1446","49035112913","5129","5",12495.7320750136
"1447","49035112913","5129","6",1133.86583634461
"1448","49035112913","5129","7",10727.574242498
"1449","49035113512","3510","0",8920.58202042211
"1450","49035113512","3510","1",11288.853282423
"1451","49035113512","3510","2",8920.58202042211
"1452","49035113512","3510","3",16505.1583842167
"1453","49035113512","3510","4",2958.94365907497
"1454","49035113512","3510","5",5053.78627645485
"1455","49035113512","3510","6",8071.02541107251
"1456","49035113512","3510","7",10449.5188751829
"1457","49035100600","6556","0",6655.65927995921
"1458","49035100600","6556","1",16224.1207311648
"1459","49035100600","6556","2",6655.65927995921
"1460","49035100600","6556","3",14850.0080725047
"1461","49035100600","6556","4",11282.8650265506
"1462","49035100600","6556","5",5894.94077104525
"1463","49035100600","6556","6",18692.4106135642
"1464","49035100600","6556","7",19712.7854899473
"1465","49035101200","3877","0",11297.340215325
"1466","49035101200","3877","1",20033.137839223
"1467","49035101200","3877","2",11297.340215325
"1468","49035101200","3877","3",9565.5612670208
"1469","49035101200","3877","4",10705.3367206138
"1470","49035101200","3877","5",7138.5895044074
"1471","49035101200","3877","6",19720.6803530883
"1472","49035101200","3877","7",17956.1569093739
"1473","49035101400","4816","0",13700.9422148867
"1474","49035101400","4816","1",21846.5282749645
"1475","49035101400","4816","2",13700.9422148867
"1476","49035101400","4816","3",6693.98549733503
"1477","49035101400","4816","4",10728.5627393271
"1478","49035101400","4816","5",8591.28882914425
"1479","49035101400","4816","6",20107.8868665698
"1480","49035101400","4816","7",16866.3600734874
"1481","49035112810","7066","0",29484.442800783
"1482","49035112810","7066","1",23232.1721345724
"1483","49035112810","7066","2",29484.442800783
"1484","49035112810","7066","3",34485.7780020063
"1485","49035112810","7066","4",22859.0793480462
"1486","49035112810","7066","5",27434.7892735864
"1487","49035112810","7066","6",14616.3040938731
"1488","49035112810","7066","7",17716.9447123156
"1489","49035113305","7665","0",5318.90611882612
"1490","49035113305","7665","1",10800.7989608422
"1491","49035113305","7665","2",5318.90611882612
"1492","49035113305","7665","3",16487.880146118
"1493","49035113305","7665","4",5678.38542313971
"1494","49035113305","7665","5",2503.53308682209
"1495","49035113305","7665","6",11318.0042558864
"1496","49035113305","7665","7",14088.2676147123
"1497","49035111306","2536","0",20389.8244568032
"1498","49035111306","2536","1",20759.1558420357
"1499","49035111306","2536","2",20389.8244568032
"1500","49035111306","2536","3",17145.7870036321
"1501","49035111306","2536","4",9620.21187612922
"1502","49035111306","2536","5",15110.2539698435
"1503","49035111306","2536","6",10768.7968181965
"1504","49035111306","2536","7",1068.2044830253
"1505","49035111302","5979","0",20907.4867061357
"1506","49035111302","5979","1",21953.4719783076
"1507","49035111302","5979","2",20907.4867061357
"1508","49035111302","5979","3",15915.7536012641
"1509","49035111302","5979","4",9952.67088418487
"1510","49035111302","5979","5",15302.0158345984
"1511","49035111302","5979","6",12285.5929151031
"1512","49035111302","5979","7",2348.25204358237
"1513","49035112813","5449","0",24607.899137172
"1514","49035112813","5449","1",22224.1743852164
"1515","49035112813","5449","2",24607.899137172
"1516","49035112813","5449","3",23991.8688795334
"1517","49035112813","5449","4",14969.7179578046
"1518","49035112813","5449","5",20405.5235401441
"1519","49035112813","5449","6",11179.1566916345
"1520","49035112813","5449","7",7330.43355969136
"1521","49035104100","2968","0",12835.621563378
"1522","49035104100","2968","1",20286.0002521094
"1523","49035104100","2968","2",12835.621563378
"1524","49035104100","2968","3",7184.2407762918
"1525","49035104100","2968","4",8463.78986409507
"1526","49035104100","2968","5",7055.86308078369
"1527","49035104100","2968","6",17875.0742202165
"1528","49035104100","2968","7",14620.5420399791
"1529","49035113525","7102","0",9966.81177530057
"1530","49035113525","7102","1",268.925730086837
"1531","49035113525","7102","2",9966.81177530057
"1532","49035113525","7102","3",27465.1878992112
"1533","49035113525","7102","4",14508.5563229365
"1534","49035113525","7102","5",13529.794000058
"1535","49035113525","7102","6",11234.872591122
"1536","49035113525","7102","7",19991.8779051115
"1537","49035113007","5005","0",18683.6111727339
"1538","49035113007","5005","1",11653.8017769654
"1539","49035113007","5005","2",18683.6111727339
"1540","49035113007","5005","3",28831.9257086624
"1541","49035113007","5005","4",15122.6006367321
"1542","49035113007","5005","5",18190.1695020957
"1543","49035113007","5005","6",5763.0025316052
"1544","49035113007","5005","7",14745.899139849
"1545","49035113016","6079","0",25517.33393971
"1546","49035113016","6079","1",18652.46986586
"1547","49035113016","6079","2",25517.33393971
"1548","49035113016","6079","3",32872.2473032247
"1549","49035113016","6079","4",20167.0339727531
"1550","49035113016","6079","5",24194.5842818203
"1551","49035113016","6079","6",11127.8807947809
"1552","49035113016","6079","7",16724.0561368646
"1553","49035102000","2620","0",9626.69754542475
"1554","49035102000","2620","1",17861.3352135541
"1555","49035102000","2620","2",9626.69754542475
"1556","49035102000","2620","3",10461.7013223508
"1557","49035102000","2620","4",8424.51822230192
"1558","49035102000","2620","5",4761.81303276115
"1559","49035102000","2620","6",17309.2923279315
"1560","49035102000","2620","7",16086.2377812849
"1561","49035112302","3573","0",14912.8292103123
"1562","49035112302","3573","1",15306.488950117
"1563","49035112302","3573","2",14912.8292103123
"1564","49035112302","3573","3",16812.9605437527
"1565","49035112302","3573","4",4873.85517447087
"1566","49035112302","3573","5",10272.8440825039
"1567","49035112302","3573","6",6688.20777558578
"1568","49035112302","3573","7",4624.63698857845
"1569","49035112805","5343","0",25179.8296037446
"1570","49035112805","5343","1",21944.6380400078
"1571","49035112805","5343","2",25179.8296037446
"1572","49035112805","5343","3",25893.8145902295
"1573","49035112805","5343","4",16114.4327610131
"1574","49035112805","5343","5",21419.2305550963
"1575","49035112805","5343","6",11012.2694652596
"1576","49035112805","5343","7",9087.97873333283
"1577","49035100100","1529","0",8552.27588311662
"1578","49035100100","1529","1",18160.3718459997
"1579","49035100100","1529","2",8552.27588311662
"1580","49035100100","1529","3",13987.144758357
"1581","49035100100","1529","4",12447.8326680335
"1582","49035100100","1529","5",7330.26344722264
"1583","49035100100","1529","6",20332.1729580539
"1584","49035100100","1529","7",20647.9554122001
"1585","49035112804","5602","0",23552.2734588954
"1586","49035112804","5602","1",20714.6935532654
"1587","49035112804","5602","2",23552.2734588954
"1588","49035112804","5602","3",24313.0305136419
"1589","49035112804","5602","4",14362.9763011466
"1590","49035112804","5602","5",19683.8908586349
"1591","49035112804","5602","6",9690.59144253997
"1592","49035112804","5602","7",7466.65972692773
"1593","49035112609","5553","0",22791.8384672624
"1594","49035112609","5553","1",22221.8774334786
"1595","49035112609","5553","2",22791.8384672624
"1596","49035112609","5553","3",19710.0916463283
"1597","49035112609","5553","4",12259.0244895256
"1598","49035112609","5553","5",17783.0555726461
"1599","49035112609","5553","6",11578.8716956086
"1600","49035112609","5553","7",3711.71639517333
"1601","49035104800","5022","0",11974.2943079148
"1602","49035104800","5022","1",17594.8808565535
"1603","49035104800","5022","2",11974.2943079148
"1604","49035104800","5022","3",9822.12053939535
"1605","49035104800","5022","4",4335.41984696478
"1606","49035104800","5022","5",5514.9215003277
"1607","49035104800","5022","6",13742.8979850758
"1608","49035104800","5022","7",10713.0363671135
"1609","49035102900","4500","0",7720.64441443928
"1610","49035102900","4500","1",15332.2100493565
"1611","49035102900","4500","2",7720.64441443928
"1612","49035102900","4500","3",12370.4359115926
"1613","49035102900","4500","4",6516.55049720456
"1614","49035102900","4500","5",2134.49240972164
"1615","49035102900","4500","6",14903.2851997389
"1616","49035102900","4500","7",14790.7801634075
"1617","49035112608","5276","0",20944.7451526585
"1618","49035112608","5276","1",19865.7394440116
"1619","49035112608","5276","2",20944.7451526585
"1620","49035112608","5276","3",20032.0704174923
"1621","49035112608","5276","4",10834.6025879308
"1622","49035112608","5276","5",16332.4576836369
"1623","49035112608","5276","6",9151.69245569915
"1624","49035112608","5276","7",3185.05864215681
"1625","49035112616","4533","0",23165.9393751513
"1626","49035112616","4533","1",22096.8846227337
"1627","49035112616","4533","2",23165.9393751513
"1628","49035112616","4533","3",20824.7594079949
"1629","49035112616","4533","4",12850.1644326311
"1630","49035112616","4533","5",18375.2680717502
"1631","49035112616","4533","6",11269.374365692
"1632","49035112616","4533","7",4507.39266490881
"1633","49035102801","6106","0",5529.80412384002
"1634","49035102801","6106","1",13947.0829556022
"1635","49035102801","6106","2",5529.80412384002
"1636","49035102801","6106","3",14477.1610858087
"1637","49035102801","6106","4",7896.05788275665
"1638","49035102801","6106","5",2393.14387262285
"1639","49035102801","6106","6",15204.4911942925
"1640","49035102801","6106","7",16451.1877151605
"1641","49035112613","4915","0",22424.1999914814
"1642","49035112613","4915","1",20697.213789945
"1643","49035112613","4915","2",22424.1999914814
"1644","49035112613","4915","3",21763.6648640797
"1645","49035112613","4915","4",12564.6071044163
"1646","49035112613","4915","5",18029.4526455742
"1647","49035112613","4915","6",9735.08560016929
"1648","49035112613","4915","7",4966.93595273884
"1649","49035112100","7264","0",11108.4340760576
"1650","49035112100","7264","1",12688.3733587212
"1651","49035112100","7264","2",11108.4340760576
"1652","49035112100","7264","3",16213.2235534416
"1653","49035112100","7264","4",2278.79058537487
"1654","49035112100","7264","5",6732.30299714702
"1655","49035112100","7264","6",7170.02191420483
"1656","49035112100","7264","7",8271.09661065151
"1657","49035112917","3864","0",15412.3777968663
"1658","49035112917","3864","1",10942.0443669902
"1659","49035112917","3864","2",15412.3777968663
"1660","49035112917","3864","3",23869.2626908479
"1661","49035112917","3864","4",10209.6429832579
"1662","49035112917","3864","5",13742.7103902345
"1663","49035112917","3864","6",799.754435465739
"1664","49035112917","3864","7",10553.9572543128
"1665","49035113410","6508","0",5790.68889118803
"1666","49035113410","6508","1",5366.41968216715
"1667","49035113410","6508","2",5790.68889118803
"1668","49035113410","6508","3",21861.1422787219
"1669","49035113410","6508","4",9399.02348268209
"1670","49035113410","6508","5",7916.21512955916
"1671","49035113410","6508","6",9736.7056352408
"1672","49035113410","6508","7",16256.397901936
"1673","49035113505","6796","0",7415.7348293566
"1674","49035113505","6796","1",4908.15525756043
"1675","49035113505","6796","2",7415.7348293566
"1676","49035113505","6796","3",22434.8078099287
"1677","49035113505","6796","4",9341.18967662592
"1678","49035113505","6796","5",8824.67034763717
"1679","49035113505","6796","6",8268.84388668645
"1680","49035113505","6796","7",15469.0885102456
"1681","49035110701","3628","0",13557.598748836
"1682","49035110701","3628","1",17366.4343725565
"1683","49035110701","3628","2",13557.598748836
"1684","49035110701","3628","3",11542.0987180487
"1685","49035110701","3628","4",3131.30401037081
"1686","49035110701","3628","5",7413.12628721012
"1687","49035110701","3628","6",11530.0843185379
"1688","49035110701","3628","7",7483.71821417625
"1689","49035110900","4562","0",16810.2574494049
"1690","49035110900","4562","1",20269.2266912263
"1691","49035110900","4562","2",16810.2574494049
"1692","49035110900","4562","3",10863.2519331479
"1693","49035110900","4562","4",6222.8139778874
"1694","49035110900","4562","5",10585.6353495625
"1695","49035110900","4562","6",13097.1488008115
"1696","49035110900","4562","7",6123.03873111486
